<?xml version="1.0" encoding="UTF-8"?>
<!DOCTYPE mapper PUBLIC "-//mybatis.org//DTD Mapper 3.0//EN" "http://mybatis.org/dtd/mybatis-3-mapper.dtd">
<mapper namespace="com.milepost.authenticationService.student.dao.StudentMapper">
  <resultMap id="BaseResultMap" type="com.milepost.authenticationService.student.entity.Student">
    <result column="ID" jdbcType="VARCHAR" property="id" />
    <result column="NAME" jdbcType="VARCHAR" property="name" />
    <result column="STU_NO" jdbcType="VARCHAR" property="stuNo" />
    <result column="BIRTH" jdbcType="TIMESTAMP" property="birth" />
    <result column="SCORE" jdbcType="REAL" property="score" />
    <result column="CLASSES_ID" jdbcType="VARCHAR" property="classesId" />
  </resultMap>
  <resultMap extends="BaseResultMap" id="ResultMapWithBLOBs" type="com.milepost.authenticationService.student.entity.Student">
    <result column="REMARK" jdbcType="LONGVARCHAR" property="remark" />
  </resultMap>
  <sql id="Example_Where_Clause">
    <where>
      <foreach collection="oredCriteria" item="criteria" separator="or">
        <if test="criteria.valid">
          <trim prefix="(" prefixOverrides="and" suffix=")">
            <foreach collection="criteria.criteria" item="criterion">
              <choose>
                <when test="criterion.noValue">
                  and ${criterion.condition}
                </when>
                <when test="criterion.singleValue">
                  and ${criterion.condition} #{criterion.value}
                </when>
                <when test="criterion.betweenValue">
                  and ${criterion.condition} #{criterion.value} and #{criterion.secondValue}
                </when>
                <when test="criterion.listValue">
                  and ${criterion.condition}
                  <foreach close=")" collection="criterion.value" item="listItem" open="(" separator=",">
                    #{listItem}
                  </foreach>
                </when>
              </choose>
            </foreach>
          </trim>
        </if>
      </foreach>
    </where>
  </sql>
  <sql id="Update_By_Example_Where_Clause">
    <where>
      <foreach collection="example.oredCriteria" item="criteria" separator="or">
        <if test="criteria.valid">
          <trim prefix="(" prefixOverrides="and" suffix=")">
            <foreach collection="criteria.criteria" item="criterion">
              <choose>
                <when test="criterion.noValue">
                  and ${criterion.condition}
                </when>
                <when test="criterion.singleValue">
                  and ${criterion.condition} #{criterion.value}
                </when>
                <when test="criterion.betweenValue">
                  and ${criterion.condition} #{criterion.value} and #{criterion.secondValue}
                </when>
                <when test="criterion.listValue">
                  and ${criterion.condition}
                  <foreach close=")" collection="criterion.value" item="listItem" open="(" separator=",">
                    #{listItem}
                  </foreach>
                </when>
              </choose>
            </foreach>
          </trim>
        </if>
      </foreach>
    </where>
  </sql>
  <sql id="Base_Column_List">
    ID, NAME, STU_NO, BIRTH, SCORE, CLASSES_ID
  </sql>
  <sql id="Blob_Column_List">
    REMARK
  </sql>
  <select id="selectByExampleWithBLOBs" parameterType="com.milepost.authenticationService.student.entity.StudentExample" resultMap="ResultMapWithBLOBs">
    select
    <if test="distinct">
      distinct
    </if>
    <include refid="Base_Column_List" />
    ,
    <include refid="Blob_Column_List" />
    from student
    <if test="_parameter != null">
      <include refid="Example_Where_Clause" />
    </if>
    <if test="orderByClause != null">
      order by ${orderByClause}
    </if>
  </select>
  <select id="selectByExample" parameterType="com.milepost.authenticationService.student.entity.StudentExample" resultMap="BaseResultMap">
    select
    <if test="distinct">
      distinct
    </if>
    <include refid="Base_Column_List" />
    from student
    <if test="_parameter != null">
      <include refid="Example_Where_Clause" />
    </if>
    <if test="orderByClause != null">
      order by ${orderByClause}
    </if>
  </select>
  <delete id="deleteByExample" parameterType="com.milepost.authenticationService.student.entity.StudentExample">
    delete from student
    <if test="_parameter != null">
      <include refid="Example_Where_Clause" />
    </if>
  </delete>
  <insert id="insert" parameterType="com.milepost.authenticationService.student.entity.Student">
    insert into student (ID, NAME, STU_NO, 
      BIRTH, SCORE, CLASSES_ID, 
      REMARK)
    values (#{id,jdbcType=VARCHAR}, #{name,jdbcType=VARCHAR}, #{stuNo,jdbcType=VARCHAR}, 
      #{birth,jdbcType=TIMESTAMP}, #{score,jdbcType=REAL}, #{classesId,jdbcType=VARCHAR}, 
      #{remark,jdbcType=LONGVARCHAR})
  </insert>
  <insert id="insertSelective" parameterType="com.milepost.authenticationService.student.entity.Student">
    insert into student
    <trim prefix="(" suffix=")" suffixOverrides=",">
      <if test="id != null">
        ID,
      </if>
      <if test="name != null">
        NAME,
      </if>
      <if test="stuNo != null">
        STU_NO,
      </if>
      <if test="birth != null">
        BIRTH,
      </if>
      <if test="score != null">
        SCORE,
      </if>
      <if test="classesId != null">
        CLASSES_ID,
      </if>
      <if test="remark != null">
        REMARK,
      </if>
    </trim>
    <trim prefix="values (" suffix=")" suffixOverrides=",">
      <if test="id != null">
        #{id,jdbcType=VARCHAR},
      </if>
      <if test="name != null">
        #{name,jdbcType=VARCHAR},
      </if>
      <if test="stuNo != null">
        #{stuNo,jdbcType=VARCHAR},
      </if>
      <if test="birth != null">
        #{birth,jdbcType=TIMESTAMP},
      </if>
      <if test="score != null">
        #{score,jdbcType=REAL},
      </if>
      <if test="classesId != null">
        #{classesId,jdbcType=VARCHAR},
      </if>
      <if test="remark != null">
        #{remark,jdbcType=LONGVARCHAR},
      </if>
    </trim>
  </insert>
  <select id="countByExample" parameterType="com.milepost.authenticationService.student.entity.StudentExample" resultType="java.lang.Integer">
    select count(*) from student
    <if test="_parameter != null">
      <include refid="Example_Where_Clause" />
    </if>
  </select>
  <update id="updateByExampleSelective" parameterType="map">
    update student
    <set>
      <if test="record.id != null">
        ID = #{record.id,jdbcType=VARCHAR},
      </if>
      <if test="record.name != null">
        NAME = #{record.name,jdbcType=VARCHAR},
      </if>
      <if test="record.stuNo != null">
        STU_NO = #{record.stuNo,jdbcType=VARCHAR},
      </if>
      <if test="record.birth != null">
        BIRTH = #{record.birth,jdbcType=TIMESTAMP},
      </if>
      <if test="record.score != null">
        SCORE = #{record.score,jdbcType=REAL},
      </if>
      <if test="record.classesId != null">
        CLASSES_ID = #{record.classesId,jdbcType=VARCHAR},
      </if>
      <if test="record.remark != null">
        REMARK = #{record.remark,jdbcType=LONGVARCHAR},
      </if>
    </set>
    <if test="_parameter != null">
      <include refid="Update_By_Example_Where_Clause" />
    </if>
  </update>
  <update id="updateByExampleWithBLOBs" parameterType="map">
    update student
    set ID = #{record.id,jdbcType=VARCHAR},
      NAME = #{record.name,jdbcType=VARCHAR},
      STU_NO = #{record.stuNo,jdbcType=VARCHAR},
      BIRTH = #{record.birth,jdbcType=TIMESTAMP},
      SCORE = #{record.score,jdbcType=REAL},
      CLASSES_ID = #{record.classesId,jdbcType=VARCHAR},
      REMARK = #{record.remark,jdbcType=LONGVARCHAR}
    <if test="_parameter != null">
      <include refid="Update_By_Example_Where_Clause" />
    </if>
  </update>
  <update id="updateByExample" parameterType="map">
    update student
    set ID = #{record.id,jdbcType=VARCHAR},
      NAME = #{record.name,jdbcType=VARCHAR},
      STU_NO = #{record.stuNo,jdbcType=VARCHAR},
      BIRTH = #{record.birth,jdbcType=TIMESTAMP},
      SCORE = #{record.score,jdbcType=REAL},
      CLASSES_ID = #{record.classesId,jdbcType=VARCHAR}
    <if test="_parameter != null">
      <include refid="Update_By_Example_Where_Clause" />
    </if>
  </update>
  <cache type="org.mybatis.caches.ehcache.EhcacheCache" />
  <resultMap id="BaseResultMap" type="com.milepost.authenticationService.student.entity.Student">
    <result column="ID" jdbcType="VARCHAR" property="id" />
    <result column="NAME" jdbcType="VARCHAR" property="name" />
    <result column="STU_NO" jdbcType="VARCHAR" property="stuNo" />
    <result column="BIRTH" jdbcType="TIMESTAMP" property="birth" />
    <result column="SCORE" jdbcType="REAL" property="score" />
    <result column="CLASSES_ID" jdbcType="VARCHAR" property="classesId" />
  </resultMap>
  <resultMap extends="BaseResultMap" id="ResultMapWithBLOBs" type="com.milepost.authenticationService.student.entity.Student">
    <result column="REMARK" jdbcType="LONGVARCHAR" property="remark" />
  </resultMap>
  <sql id="Example_Where_Clause">
    <where>
      <foreach collection="oredCriteria" item="criteria" separator="or">
        <if test="criteria.valid">
          <trim prefix="(" prefixOverrides="and" suffix=")">
            <foreach collection="criteria.criteria" item="criterion">
              <choose>
                <when test="criterion.noValue">
                  and ${criterion.condition}
                </when>
                <when test="criterion.singleValue">
                  and ${criterion.condition} #{criterion.value}
                </when>
                <when test="criterion.betweenValue">
                  and ${criterion.condition} #{criterion.value} and #{criterion.secondValue}
                </when>
                <when test="criterion.listValue">
                  and ${criterion.condition}
                  <foreach close=")" collection="criterion.value" item="listItem" open="(" separator=",">
                    #{listItem}
                  </foreach>
                </when>
              </choose>
            </foreach>
          </trim>
        </if>
      </foreach>
    </where>
  </sql>
  <sql id="Update_By_Example_Where_Clause">
    <where>
      <foreach collection="example.oredCriteria" item="criteria" separator="or">
        <if test="criteria.valid">
          <trim prefix="(" prefixOverrides="and" suffix=")">
            <foreach collection="criteria.criteria" item="criterion">
              <choose>
                <when test="criterion.noValue">
                  and ${criterion.condition}
                </when>
                <when test="criterion.singleValue">
                  and ${criterion.condition} #{criterion.value}
                </when>
                <when test="criterion.betweenValue">
                  and ${criterion.condition} #{criterion.value} and #{criterion.secondValue}
                </when>
                <when test="criterion.listValue">
                  and ${criterion.condition}
                  <foreach close=")" collection="criterion.value" item="listItem" open="(" separator=",">
                    #{listItem}
                  </foreach>
                </when>
              </choose>
            </foreach>
          </trim>
        </if>
      </foreach>
    </where>
  </sql>
  <sql id="Base_Column_List">
    ID, NAME, STU_NO, BIRTH, SCORE, CLASSES_ID
  </sql>
  <sql id="Blob_Column_List">
    REMARK
  </sql>
  <select id="selectByExampleWithBLOBs" parameterType="com.milepost.authenticationService.student.entity.StudentExample" resultMap="ResultMapWithBLOBs">
    select
    <if test="distinct">
      distinct
    </if>
    <include refid="Base_Column_List" />
    ,
    <include refid="Blob_Column_List" />
    from student
    <if test="_parameter != null">
      <include refid="Example_Where_Clause" />
    </if>
    <if test="orderByClause != null">
      order by ${orderByClause}
    </if>
  </select>
  <select id="selectByExample" parameterType="com.milepost.authenticationService.student.entity.StudentExample" resultMap="BaseResultMap">
    select
    <if test="distinct">
      distinct
    </if>
    <include refid="Base_Column_List" />
    from student
    <if test="_parameter != null">
      <include refid="Example_Where_Clause" />
    </if>
    <if test="orderByClause != null">
      order by ${orderByClause}
    </if>
  </select>
  <delete id="deleteByExample" parameterType="com.milepost.authenticationService.student.entity.StudentExample">
    delete from student
    <if test="_parameter != null">
      <include refid="Example_Where_Clause" />
    </if>
  </delete>
  <insert id="insert" parameterType="com.milepost.authenticationService.student.entity.Student">
    insert into student (ID, NAME, STU_NO, 
      BIRTH, SCORE, CLASSES_ID, 
      REMARK)
    values (#{id,jdbcType=VARCHAR}, #{name,jdbcType=VARCHAR}, #{stuNo,jdbcType=VARCHAR}, 
      #{birth,jdbcType=TIMESTAMP}, #{score,jdbcType=REAL}, #{classesId,jdbcType=VARCHAR}, 
      #{remark,jdbcType=LONGVARCHAR})
  </insert>
  <insert id="insertSelective" parameterType="com.milepost.authenticationService.student.entity.Student">
    insert into student
    <trim prefix="(" suffix=")" suffixOverrides=",">
      <if test="id != null">
        ID,
      </if>
      <if test="name != null">
        NAME,
      </if>
      <if test="stuNo != null">
        STU_NO,
      </if>
      <if test="birth != null">
        BIRTH,
      </if>
      <if test="score != null">
        SCORE,
      </if>
      <if test="classesId != null">
        CLASSES_ID,
      </if>
      <if test="remark != null">
        REMARK,
      </if>
    </trim>
    <trim prefix="values (" suffix=")" suffixOverrides=",">
      <if test="id != null">
        #{id,jdbcType=VARCHAR},
      </if>
      <if test="name != null">
        #{name,jdbcType=VARCHAR},
      </if>
      <if test="stuNo != null">
        #{stuNo,jdbcType=VARCHAR},
      </if>
      <if test="birth != null">
        #{birth,jdbcType=TIMESTAMP},
      </if>
      <if test="score != null">
        #{score,jdbcType=REAL},
      </if>
      <if test="classesId != null">
        #{classesId,jdbcType=VARCHAR},
      </if>
      <if test="remark != null">
        #{remark,jdbcType=LONGVARCHAR},
      </if>
    </trim>
  </insert>
  <select id="countByExample" parameterType="com.milepost.authenticationService.student.entity.StudentExample" resultType="java.lang.Integer">
    select count(*) from student
    <if test="_parameter != null">
      <include refid="Example_Where_Clause" />
    </if>
  </select>
  <update id="updateByExampleSelective" parameterType="map">
    update student
    <set>
      <if test="record.id != null">
        ID = #{record.id,jdbcType=VARCHAR},
      </if>
      <if test="record.name != null">
        NAME = #{record.name,jdbcType=VARCHAR},
      </if>
      <if test="record.stuNo != null">
        STU_NO = #{record.stuNo,jdbcType=VARCHAR},
      </if>
      <if test="record.birth != null">
        BIRTH = #{record.birth,jdbcType=TIMESTAMP},
      </if>
      <if test="record.score != null">
        SCORE = #{record.score,jdbcType=REAL},
      </if>
      <if test="record.classesId != null">
        CLASSES_ID = #{record.classesId,jdbcType=VARCHAR},
      </if>
      <if test="record.remark != null">
        REMARK = #{record.remark,jdbcType=LONGVARCHAR},
      </if>
    </set>
    <if test="_parameter != null">
      <include refid="Update_By_Example_Where_Clause" />
    </if>
  </update>
  <update id="updateByExampleWithBLOBs" parameterType="map">
    update student
    set ID = #{record.id,jdbcType=VARCHAR},
      NAME = #{record.name,jdbcType=VARCHAR},
      STU_NO = #{record.stuNo,jdbcType=VARCHAR},
      BIRTH = #{record.birth,jdbcType=TIMESTAMP},
      SCORE = #{record.score,jdbcType=REAL},
      CLASSES_ID = #{record.classesId,jdbcType=VARCHAR},
      REMARK = #{record.remark,jdbcType=LONGVARCHAR}
    <if test="_parameter != null">
      <include refid="Update_By_Example_Where_Clause" />
    </if>
  </update>
  <update id="updateByExample" parameterType="map">
    update student
    set ID = #{record.id,jdbcType=VARCHAR},
      NAME = #{record.name,jdbcType=VARCHAR},
      STU_NO = #{record.stuNo,jdbcType=VARCHAR},
      BIRTH = #{record.birth,jdbcType=TIMESTAMP},
      SCORE = #{record.score,jdbcType=REAL},
      CLASSES_ID = #{record.classesId,jdbcType=VARCHAR}
    <if test="_parameter != null">
      <include refid="Update_By_Example_Where_Clause" />
    </if>
  </update>
  <cache type="org.mybatis.caches.ehcache.EhcacheCache" />
</mapper>