<?xml version="1.0" encoding="UTF-8"?>
<!DOCTYPE generatorConfiguration PUBLIC "-//mybatis.org//DTD MyBatis Generator Configuration 1.0//EN" "http://mybatis.org/dtd/mybatis-generator-config_1_0.dtd">

<generatorConfiguration>
	<properties resource="application.yml"/>
	<context id="DB2Tables" targetRuntime="MyBatis3" defaultModelType="flat">
		<plugin type="org.mybatis.generator.plugins.ToStringPlugin"/>
		<plugin type="org.mybatis.generator.plugins.CachePlugin">
			<property name="cache_type" value="org.mybatis.caches.ehcache.EhcacheCache"/>
		</plugin>
		<plugin type="org.mybatis.generator.plugins.SerializablePlugin">
			<property name="addGWTInterface" value="false"/>
			<property name="suppressJavaInterface" value="false"/>
		</plugin>
		<commentGenerator type="com.milepost.service.mybatis.generator.MyCommentGenerator">
			<property name="javaFileEncoding" value="UTF-8"/>
			<property name="suppressDate" value="true"/>
			<property name="suppressAllComments" value="false"/>
		</commentGenerator>
		<jdbcConnection driverClass="com.mysql.cj.jdbc.Driver" connectionURL="jdbc:mysql://localhost:3306/authentication_service?useUnicode=true&amp;characterEncoding=utf8&amp;characterSetResults=utf8&amp;serverTimezone=GMT%2B8" userId="root" password="admin123">
			<property name="remarksReporting" value="true"/>
		</jdbcConnection>
		<javaTypeResolver>
			<property name="forceBigDecimals" value="false"/>
		</javaTypeResolver>
		<javaModelGenerator targetPackage="com.milepost.authenticationService.student.entity" targetProject=".\authentication-service\src\main\java">
			<!-- AutoODN -->
			<property name="enableSubPackages" value="true"/>
			<property name="trimStrings" value="true"/>
		</javaModelGenerator>
		<sqlMapGenerator targetPackage="com.milepost.authenticationService.student.dao" targetProject=".\authentication-service\src\main\java">
			<!-- AutoODN -->
			<property name="enableSubPackages" value="true"/>
		</sqlMapGenerator>
		<table tableName="student" domainObjectName="Student">
			<!-- jdbcType去org.apache.ibatis.type.JdbcType中找 -->
			<!-- 注意，所有数字类的字段都要用其包装类，因为基本数据类型没有null值， -->
			<!-- oracle需要如下三个覆盖 -->
			<!-- <columnOverride column="BIRTH" javaType="java.util.Date" jdbcType="TIMESTAMP"/>
			<columnOverride column="SCORE" javaType="java.lang.Float" jdbcType="NUMERIC"/> -->
			<!-- 数据库中是Clob类型，这里不能用Clob，否则会生成针对于Clob的方法，
				注意：clob类型的字段，在构造条件时候，能使用的有如下：
					只能用like，与is null
					不能用andRemarkBetween(between)、andRemarkEqualTo(=)、andRemarkGreaterThan(>)、andRemarkLessThan(<)、andRemarkIn(in)
			 -->
			<!-- <columnOverride column="REMARK" javaType="java.lang.String" jdbcType="VARCHAR"/> -->
			<!-- mysql只需要如以下个覆盖 -->
			<!-- mysql数据库是text、mediumtext、longtext类型，相当于oracle的clob -->
			<!--<columnOverride column="REMARK" javaType="java.lang.String" jdbcType="VARCHAR"/>-->
		</table>
	</context>
</generatorConfiguration>
