<?xml version="1.0" encoding="UTF-8" ?>
<!DOCTYPE mapper PUBLIC "-//mybatis.org//DTD Mapper 3.0//EN" "http://mybatis.org/dtd/mybatis-3-mapper.dtd" >
<mapper namespace="com.milepost.authenticationService.person.dao.PersonMapper" >
  <resultMap id="BaseResultMap" type="com.milepost.authenticationService.person.entity.Person" >
    <result column="ID" property="id" jdbcType="VARCHAR" />
    <result column="FIRST_NAME" property="firstName" jdbcType="VARCHAR" />
    <result column="LAST_NAME" property="lastName" jdbcType="VARCHAR" />
    <result column="BIRTH" property="birth" jdbcType="TIMESTAMP" />
    <result column="SCORE" property="score" jdbcType="REAL" />
    <result column="REMARK" property="remark" jdbcType="VARCHAR" />
  </resultMap>
  <sql id="Example_Where_Clause" >
    <where >
      <foreach collection="oredCriteria" item="criteria" separator="or" >
        <if test="criteria.valid" >
          <trim prefix="(" suffix=")" prefixOverrides="and" >
            <foreach collection="criteria.criteria" item="criterion" >
              <choose >
                <when test="criterion.noValue" >
                  and ${criterion.condition}
                </when>
                <when test="criterion.singleValue" >
                  and ${criterion.condition} #{criterion.value}
                </when>
                <when test="criterion.betweenValue" >
                  and ${criterion.condition} #{criterion.value} and #{criterion.secondValue}
                </when>
                <when test="criterion.listValue" >
                  and ${criterion.condition}
                  <foreach collection="criterion.value" item="listItem" open="(" close=")" separator="," >
                    #{listItem}
                  </foreach>
                </when>
              </choose>
            </foreach>
          </trim>
        </if>
      </foreach>
    </where>
  </sql>
  <sql id="Update_By_Example_Where_Clause" >
    <where >
      <foreach collection="example.oredCriteria" item="criteria" separator="or" >
        <if test="criteria.valid" >
          <trim prefix="(" suffix=")" prefixOverrides="and" >
            <foreach collection="criteria.criteria" item="criterion" >
              <choose >
                <when test="criterion.noValue" >
                  and ${criterion.condition}
                </when>
                <when test="criterion.singleValue" >
                  and ${criterion.condition} #{criterion.value}
                </when>
                <when test="criterion.betweenValue" >
                  and ${criterion.condition} #{criterion.value} and #{criterion.secondValue}
                </when>
                <when test="criterion.listValue" >
                  and ${criterion.condition}
                  <foreach collection="criterion.value" item="listItem" open="(" close=")" separator="," >
                    #{listItem}
                  </foreach>
                </when>
              </choose>
            </foreach>
          </trim>
        </if>
      </foreach>
    </where>
  </sql>
  <sql id="Base_Column_List" >
    ID, FIRST_NAME, LAST_NAME, BIRTH, SCORE, REMARK
  </sql>
  <select id="selectByExample" resultMap="BaseResultMap" parameterType="com.milepost.authenticationService.person.entity.PersonExample" >
    select
    <if test="distinct" >
      distinct
    </if>
    <include refid="Base_Column_List" />
    from person
    <if test="_parameter != null" >
      <include refid="Example_Where_Clause" />
    </if>
    <if test="orderByClause != null" >
      order by ${orderByClause}
    </if>
  </select>
  <delete id="deleteByExample" parameterType="com.milepost.authenticationService.person.entity.PersonExample" >
    delete from person
    <if test="_parameter != null" >
      <include refid="Example_Where_Clause" />
    </if>
  </delete>
  <insert id="insert" parameterType="com.milepost.authenticationService.person.entity.Person" >
    insert into person (ID, FIRST_NAME, LAST_NAME, 
      BIRTH, SCORE, REMARK
      )
    values (#{id,jdbcType=VARCHAR}, #{firstName,jdbcType=VARCHAR}, #{lastName,jdbcType=VARCHAR}, 
      #{birth,jdbcType=TIMESTAMP}, #{score,jdbcType=REAL}, #{remark,jdbcType=VARCHAR}
      )
  </insert>
  <insert id="insertSelective" parameterType="com.milepost.authenticationService.person.entity.Person" >
    insert into person
    <trim prefix="(" suffix=")" suffixOverrides="," >
      <if test="id != null" >
        ID,
      </if>
      <if test="firstName != null" >
        FIRST_NAME,
      </if>
      <if test="lastName != null" >
        LAST_NAME,
      </if>
      <if test="birth != null" >
        BIRTH,
      </if>
      <if test="score != null" >
        SCORE,
      </if>
      <if test="remark != null" >
        REMARK,
      </if>
    </trim>
    <trim prefix="values (" suffix=")" suffixOverrides="," >
      <if test="id != null" >
        #{id,jdbcType=VARCHAR},
      </if>
      <if test="firstName != null" >
        #{firstName,jdbcType=VARCHAR},
      </if>
      <if test="lastName != null" >
        #{lastName,jdbcType=VARCHAR},
      </if>
      <if test="birth != null" >
        #{birth,jdbcType=TIMESTAMP},
      </if>
      <if test="score != null" >
        #{score,jdbcType=REAL},
      </if>
      <if test="remark != null" >
        #{remark,jdbcType=VARCHAR},
      </if>
    </trim>
  </insert>
  <select id="countByExample" parameterType="com.milepost.authenticationService.person.entity.PersonExample" resultType="java.lang.Integer" >
    select count(*) from person
    <if test="_parameter != null" >
      <include refid="Example_Where_Clause" />
    </if>
  </select>
  <update id="updateByExampleSelective" parameterType="map" >
    update person
    <set >
      <if test="record.id != null" >
        ID = #{record.id,jdbcType=VARCHAR},
      </if>
      <if test="record.firstName != null" >
        FIRST_NAME = #{record.firstName,jdbcType=VARCHAR},
      </if>
      <if test="record.lastName != null" >
        LAST_NAME = #{record.lastName,jdbcType=VARCHAR},
      </if>
      <if test="record.birth != null" >
        BIRTH = #{record.birth,jdbcType=TIMESTAMP},
      </if>
      <if test="record.score != null" >
        SCORE = #{record.score,jdbcType=REAL},
      </if>
      <if test="record.remark != null" >
        REMARK = #{record.remark,jdbcType=VARCHAR},
      </if>
    </set>
    <if test="_parameter != null" >
      <include refid="Update_By_Example_Where_Clause" />
    </if>
  </update>
  <update id="updateByExample" parameterType="map" >
    update person
    set ID = #{record.id,jdbcType=VARCHAR},
      FIRST_NAME = #{record.firstName,jdbcType=VARCHAR},
      LAST_NAME = #{record.lastName,jdbcType=VARCHAR},
      BIRTH = #{record.birth,jdbcType=TIMESTAMP},
      SCORE = #{record.score,jdbcType=REAL},
      REMARK = #{record.remark,jdbcType=VARCHAR}
    <if test="_parameter != null" >
      <include refid="Update_By_Example_Where_Clause" />
    </if>
  </update>
  <cache type="org.mybatis.caches.ehcache.EhcacheCache" />
</mapper>